date,category,secs_to_first_done,secs_bug_fixes,secs_idiomatic_delta,secs_total,hints_used,lines_written
2026-03-26,defaultdict,,,,,1,9
2026-03-26,sorting,388,0,0,388,3,2
2026-03-26,counter,211,0,0,211,3,2
2026-03-26,list-comp,110,0,76,186,0,2
2026-03-26,sets,357,5,0,362,2,3
2026-03-26,sorting,729,206,123,1058,4,8
2026-03-26,list-comp,632,0,111,743,3,6
2026-03-26,heapq,407,0,5,412,0,7
2026-03-26,deque,177,0,0,177,1,5
2026-03-26,sorting,508,122,0,859,2,6
2026-03-26,list-comp,457,0,126,583,1,7
2026-03-26,sets,777,0,87,864,2,17
2026-03-26,heapq,1047,0,881,1928,4,20
2026-03-26,string-ops,,,0,0,0,6
2026-03-27,heapq,541,0,493,1034,4,2
2026-03-27,list-comp,545,0,45,590,4,2
2026-03-27,sets,189,0,71,260,0,1
2026-03-27,sorting,,0,0,,0,1
2026-03-27,fstring,373,0,55,428,1,1
2026-03-27,fstring,281,0,203,484,0,1
2026-03-27,heapq,168,187,112,467,2,2
2026-03-27,list-comp,218,0,283,511,0,2
2026-03-27,fstring,173,0,82,261,0,1
2026-03-27,sets,253,0,40,298,0,3
2026-03-27,sorting,230,0,0,235,0,2
2026-06-01,heapq,409,0,78,487,2,8
2026-06-01,list-comp,272,153,75,500,2,2
2026-06-01,fstring,513,0,0,513,3,1
2026-06-02,sets,,532,511,1043,3,4
2026-06-02,sorting,506,104,0,610,1,2
2026-06-05,heapq,319,0,748,1067,1,3
2026-06-05,list-comp,699,98,44,841,2,1
2026-06-05,sets,,0,77,77,0,2
2026-06-05,fstring,388,35,0,423,1,1
2026-06-05,sorting,179,75,64,318,1,2
2026-06-05,heapq,196,0,0,208,0,3
2026-07-23,heapq,483,61,0,544,0,7
2026-07-23,list-comp,293,0,614,907,0,7
2026-07-23,sets,175,36,0,211,1,1
2026-07-23,fstring,278,1586,0,1864,2,1
2026-07-23,sorting,236,0,178,414,1,2
2026-07-24,list-comp,190,0,0,190,0,1
2026-07-24,heapq,295,0,0,295,0,9
2026-07-24,fstring,295,31,124,450,1,5
2026-07-24,sets,114,90,0,204,0,2
2026-07-24,json,403,0,108,511,3,3
